UserID,Age,City,State,Country
1,45,City 69,State 19,USA
2,24,City 99,State 26,USA
3,20,City 54,State 10,USA
4,57,City 49,State 46,USA
5,73,City 155,State 17,USA
6,69,City 51,State 42,USA
7,26,City 71,State 14,USA
8,35,City 103,State 24,USA
9,30,City 33,State 31,USA
10,57,City 154,State 29,USA
11,75,City 36,State 26,USA
12,66,City 26,State 20,USA
13,27,City 126,State 39,USA
14,80,City 69,State 43,USA
15,67,City 183,State 30,USA
16,67,City 186,State 29,USA
17,47,City 11,State 3,USA
18,31,City 175,State 39,USA
19,31,City 43,State 34,USA
20,57,City 9,State 38,USA
21,72,City 158,State 45,USA
22,63,City 85,State 22,USA
23,68,City 105,State 4,USA
24,52,City 148,State 28,USA
25,73,City 72,State 18,USA
26,71,City 14,State 48,USA
27,79,City 153,State 20,USA
28,45,City 52,State 16,USA
29,41,City 43,State 7,USA
30,67,City 87,State 16,USA
31,69,City 156,State 36,USA
32,80,City 94,State 4,USA
33,75,City 95,State 26,USA
34,18,City 32,State 26,USA
35,28,City 42,State 37,USA
36,36,City 187,State 1,USA
37,30,City 65,State 5,USA
38,71,City 83,State 3,USA
39,38,City 54,State 9,USA
40,29,City 42,State 19,USA
41,60,City 81,State 7,USA
42,69,City 72,State 36,USA
43,72,City 107,State 8,USA
44,27,City 128,State 18,USA
45,71,City 57,State 28,USA
46,65,City 64,State 12,USA
47,55,City 166,State 21,USA
48,60,City 160,State 45,USA
49,23,City 60,State 7,USA
50,69,City 163,State 3,USA
51,34,City 80,State 1,USA
52,63,City 11,State 3,USA
53,42,City 28,State 21,USA
54,53,City 95,State 8,USA
55,35,City 18,State 42,USA
56,30,City 93,State 21,USA
57,31,City 54,State 20,USA
58,21,City 153,State 33,USA
59,33,City 26,State 43,USA
60,53,City 29,State 6,USA
61,36,City 190,State 32,USA
62,56,City 89,State 36,USA
63,23,City 147,State 33,USA
64,75,City 148,State 21,USA
65,54,City 88,State 37,USA
66,43,City 195,State 39,USA
67,77,City 142,State 35,USA
68,39,City 55,State 15,USA
69,35,City 67,State 34,USA
70,21,City 113,State 15,USA
71,18,City 103,State 11,USA
72,22,City 200,State 10,USA
73,64,City 22,State 45,USA
74,68,City 170,State 16,USA
75,34,City 195,State 16,USA
76,43,City 167,State 7,USA
77,29,City 149,State 32,USA
78,34,City 129,State 16,USA
79,52,City 164,State 5,USA
80,72,City 41,State 27,USA
81,35,City 149,State 30,USA
82,62,City 96,State 26,USA
83,48,City 61,State 20,USA
84,24,City 126,State 49,USA
85,56,City 17,State 7,USA
86,59,City 132,State 23,USA
87,43,City 76,State 10,USA
88,23,City 30,State 43,USA
89,35,City 91,State 22,USA
90,65,City 128,State 40,USA
91,38,City 76,State 15,USA
92,56,City 137,State 18,USA
93,45,City 189,State 21,USA
94,24,City 187,State 40,USA
95,25,City 137,State 23,USA
96,42,City 150,State 3,USA
97,19,City 41,State 13,USA
98,43,City 7,State 11,USA
99,72,City 198,State 20,USA
100,30,City 176,State 50,USA
101,18,City 115,State 1,USA
102,54,City 70,State 15,USA
103,26,City 177,State 10,USA
104,70,City 79,State 31,USA
105,60,City 88,State 1,USA
106,67,City 197,State 40,USA
107,69,City 48,State 14,USA
108,31,City 80,State 40,USA
109,69,City 136,State 3,USA
110,18,City 174,State 41,USA
111,49,City 48,State 46,USA
112,33,City 3,State 37,USA
113,46,City 181,State 2,USA
114,38,City 150,State 14,USA
115,42,City 72,State 48,USA
116,40,City 4,State 9,USA
117,58,City 121,State 40,USA
118,47,City 150,State 9,USA
119,38,City 44,State 46,USA
120,80,City 108,State 3,USA
121,70,City 143,State 1,USA
122,49,City 157,State 7,USA
123,56,City 90,State 1,USA
124,52,City 115,State 22,USA
125,35,City 27,State 43,USA
126,80,City 71,State 24,USA
127,70,City 162,State 27,USA
128,47,City 135,State 24,USA
129,79,City 71,State 2,USA
130,66,City 99,State 13,USA
131,25,City 165,State 1,USA
132,24,City 62,State 8,USA
133,38,City 40,State 14,USA
134,61,City 160,State 45,USA
135,56,City 149,State 22,USA
136,39,City 48,State 45,USA
137,41,City 82,State 41,USA
138,62,City 11,State 31,USA
139,57,City 65,State 20,USA
140,59,City 187,State 32,USA
141,76,City 132,State 39,USA
142,62,City 16,State 34,USA
143,63,City 195,State 15,USA
144,63,City 81,State 29,USA
145,79,City 10,State 22,USA
146,27,City 73,State 17,USA
147,57,City 100,State 2,USA
148,52,City 18,State 11,USA
149,68,City 9,State 3,USA
150,32,City 110,State 14,USA
151,51,City 15,State 9,USA
152,55,City 183,State 24,USA
153,70,City 72,State 15,USA
154,38,City 3,State 40,USA
155,41,City 160,State 38,USA
156,55,City 129,State 32,USA
157,39,City 76,State 15,USA
158,29,City 144,State 26,USA
159,35,City 1,State 41,USA
160,77,City 52,State 49,USA
161,39,City 177,State 4,USA
162,52,City 107,State 15,USA
163,46,City 8,State 23,USA
164,49,City 82,State 33,USA
165,60,City 178,State 30,USA
166,41,City 69,State 18,USA
167,63,City 33,State 27,USA
168,78,City 28,State 13,USA
169,77,City 136,State 1,USA
170,71,City 124,State 11,USA
171,62,City 38,State 6,USA
172,50,City 99,State 39,USA
173,57,City 176,State 20,USA
174,40,City 167,State 39,USA
175,70,City 43,State 30,USA
176,45,City 3,State 34,USA
177,59,City 185,State 48,USA
178,38,City 6,State 4,USA
179,44,City 117,State 30,USA
180,80,City 187,State 49,USA
181,23,City 184,State 19,USA
182,51,City 152,State 31,USA
183,48,City 22,State 13,USA
184,23,City 125,State 40,USA
185,74,City 142,State 45,USA
186,42,City 87,State 35,USA
187,46,City 94,State 20,USA
188,39,City 89,State 29,USA
189,72,City 147,State 49,USA
190,57,City 154,State 37,USA
191,64,City 39,State 47,USA
192,50,City 101,State 19,USA
193,60,City 91,State 8,USA
194,38,City 74,State 23,USA
195,18,City 49,State 40,USA
196,39,City 13,State 18,USA
197,23,City 99,State 45,USA
198,74,City 180,State 6,USA
199,30,City 103,State 3,USA
200,30,City 75,State 50,USA
201,54,City 80,State 39,USA
202,36,City 171,State 33,USA
203,57,City 119,State 49,USA
204,67,City 164,State 30,USA
205,52,City 192,State 20,USA
206,29,City 52,State 10,USA
207,65,City 119,State 4,USA
208,23,City 95,State 33,USA
209,75,City 37,State 19,USA
210,50,City 19,State 28,USA
211,23,City 144,State 19,USA
212,42,City 130,State 50,USA
213,26,City 150,State 36,USA
214,24,City 184,State 33,USA
215,70,City 154,State 20,USA
216,28,City 153,State 43,USA
217,48,City 2,State 43,USA
218,80,City 194,State 50,USA
219,53,City 85,State 17,USA
220,19,City 29,State 16,USA
221,37,City 52,State 13,USA
222,30,City 3,State 13,USA
223,70,City 63,State 25,USA
224,61,City 29,State 5,USA
225,34,City 144,State 34,USA
226,65,City 103,State 47,USA
227,78,City 156,State 26,USA
228,59,City 70,State 45,USA
229,68,City 103,State 29,USA
230,43,City 47,State 29,USA
231,73,City 102,State 48,USA
232,46,City 97,State 5,USA
233,18,City 78,State 29,USA
234,30,City 173,State 33,USA
235,34,City 37,State 28,USA
236,65,City 128,State 6,USA
237,54,City 184,State 3,USA
238,32,City 53,State 6,USA
239,78,City 31,State 25,USA
240,21,City 107,State 29,USA
241,41,City 122,State 10,USA
242,48,City 65,State 2,USA
243,52,City 194,State 20,USA
244,22,City 32,State 36,USA
245,67,City 138,State 3,USA
246,21,City 79,State 9,USA
247,68,City 113,State 44,USA
248,77,City 199,State 25,USA
249,56,City 200,State 7,USA
250,37,City 5,State 49,USA
251,39,City 184,State 44,USA
252,68,City 122,State 21,USA
253,40,City 151,State 3,USA
254,31,City 135,State 43,USA
255,74,City 57,State 37,USA
256,35,City 188,State 19,USA
257,79,City 11,State 14,USA
258,29,City 46,State 3,USA
259,58,City 8,State 27,USA
260,18,City 44,State 26,USA
261,59,City 181,State 16,USA
262,71,City 69,State 37,USA
263,21,City 22,State 29,USA
264,60,City 30,State 9,USA
265,26,City 80,State 36,USA
266,32,City 73,State 14,USA
267,52,City 42,State 13,USA
268,52,City 96,State 37,USA
269,70,City 58,State 28,USA
270,62,City 18,State 28,USA
271,40,City 96,State 19,USA
272,56,City 198,State 18,USA
273,42,City 79,State 13,USA
274,21,City 34,State 50,USA
275,28,City 150,State 20,USA
276,37,City 55,State 35,USA
277,42,City 4,State 12,USA
278,46,City 96,State 34,USA
279,21,City 47,State 6,USA
280,53,City 144,State 13,USA
281,43,City 2,State 5,USA
282,31,City 19,State 17,USA
283,60,City 151,State 15,USA
284,75,City 22,State 19,USA
285,25,City 7,State 43,USA
286,32,City 3,State 20,USA
287,28,City 137,State 33,USA
288,53,City 59,State 26,USA
289,44,City 94,State 45,USA
290,57,City 134,State 4,USA
291,66,City 100,State 39,USA
292,75,City 77,State 48,USA
293,30,City 67,State 38,USA
294,71,City 100,State 14,USA
295,41,City 140,State 26,USA
296,18,City 117,State 25,USA
297,46,City 195,State 43,USA
298,25,City 38,State 30,USA
299,19,City 29,State 3,USA
300,76,City 81,State 14,USA
301,22,City 83,State 39,USA
302,71,City 155,State 31,USA
303,53,City 167,State 27,USA
304,49,City 48,State 27,USA
305,19,City 193,State 20,USA
306,79,City 166,State 37,USA
307,77,City 13,State 4,USA
308,54,City 9,State 33,USA
309,39,City 20,State 14,USA
310,24,City 48,State 43,USA
311,19,City 44,State 39,USA
312,37,City 63,State 38,USA
313,58,City 178,State 18,USA
314,73,City 107,State 40,USA
315,48,City 173,State 1,USA
316,52,City 181,State 7,USA
317,77,City 5,State 13,USA
318,67,City 200,State 15,USA
319,32,City 81,State 9,USA
320,49,City 152,State 50,USA
321,73,City 29,State 12,USA
322,78,City 56,State 29,USA
323,49,City 190,State 43,USA
324,63,City 149,State 13,USA
325,75,City 158,State 38,USA
326,75,City 109,State 35,USA
327,73,City 160,State 43,USA
328,24,City 21,State 48,USA
329,32,City 85,State 25,USA
330,24,City 38,State 19,USA
331,45,City 8,State 7,USA
332,24,City 110,State 36,USA
333,48,City 143,State 7,USA
334,73,City 86,State 5,USA
335,19,City 90,State 7,USA
336,30,City 151,State 50,USA
337,78,City 152,State 41,USA
338,28,City 177,State 30,USA
339,68,City 150,State 48,USA
340,46,City 165,State 1,USA
341,22,City 194,State 48,USA
342,62,City 190,State 39,USA
343,27,City 195,State 26,USA
344,54,City 110,State 10,USA
345,21,City 147,State 3,USA
346,65,City 17,State 50,USA
347,56,City 165,State 18,USA
348,77,City 59,State 27,USA
349,55,City 117,State 28,USA
350,64,City 133,State 2,USA
351,67,City 174,State 24,USA
352,30,City 129,State 50,USA
353,60,City 12,State 18,USA
354,63,City 152,State 12,USA
355,79,City 22,State 11,USA
356,19,City 72,State 39,USA
357,39,City 119,State 35,USA
358,32,City 61,State 2,USA
359,56,City 127,State 50,USA
360,30,City 175,State 20,USA
361,33,City 92,State 15,USA
362,33,City 189,State 16,USA
363,19,City 87,State 41,USA
364,47,City 144,State 45,USA
365,77,City 178,State 27,USA
366,29,City 190,State 1,USA
367,67,City 53,State 41,USA
368,40,City 171,State 16,USA
369,21,City 171,State 18,USA
370,71,City 112,State 14,USA
371,19,City 166,State 20,USA
372,52,City 124,State 2,USA
373,18,City 99,State 29,USA
374,31,City 6,State 33,USA
375,66,City 86,State 36,USA
376,19,City 70,State 39,USA
377,45,City 47,State 3,USA
378,53,City 196,State 6,USA
379,56,City 29,State 28,USA
380,56,City 37,State 18,USA
381,75,City 106,State 19,USA
382,69,City 53,State 37,USA
383,52,City 19,State 29,USA
384,67,City 165,State 43,USA
385,31,City 82,State 3,USA
386,28,City 83,State 6,USA
387,53,City 80,State 37,USA
388,20,City 162,State 29,USA
389,37,City 187,State 35,USA
390,56,City 133,State 2,USA
391,36,City 148,State 28,USA
392,73,City 142,State 18,USA
393,77,City 45,State 43,USA
394,46,City 38,State 24,USA
395,67,City 105,State 46,USA
396,64,City 95,State 25,USA
397,37,City 190,State 27,USA
398,60,City 55,State 33,USA
399,56,City 72,State 18,USA
400,64,City 144,State 26,USA
401,33,City 178,State 29,USA
402,24,City 94,State 50,USA
403,21,City 55,State 49,USA
404,80,City 16,State 34,USA
405,40,City 78,State 23,USA
406,47,City 44,State 42,USA
407,18,City 179,State 8,USA
408,27,City 25,State 30,USA
409,51,City 120,State 43,USA
410,40,City 64,State 18,USA
411,43,City 65,State 37,USA
412,50,City 49,State 23,USA
413,50,City 19,State 48,USA
414,28,City 125,State 40,USA
415,41,City 173,State 18,USA
416,26,City 126,State 1,USA
417,47,City 60,State 38,USA
418,72,City 16,State 35,USA
419,34,City 76,State 38,USA
420,29,City 90,State 18,USA
421,29,City 108,State 26,USA
422,55,City 40,State 23,USA
423,70,City 75,State 30,USA
424,40,City 66,State 41,USA
425,48,City 130,State 34,USA
426,38,City 197,State 23,USA
427,54,City 15,State 46,USA
428,19,City 116,State 16,USA
429,18,City 60,State 40,USA
430,36,City 192,State 28,USA
431,24,City 103,State 46,USA
432,30,City 134,State 35,USA
433,23,City 24,State 2,USA
434,32,City 148,State 28,USA
435,43,City 102,State 41,USA
436,46,City 147,State 15,USA
437,28,City 183,State 36,USA
438,74,City 43,State 37,USA
439,76,City 145,State 37,USA
440,75,City 128,State 43,USA
441,75,City 151,State 2,USA
442,18,City 29,State 15,USA
443,64,City 116,State 37,USA
444,55,City 110,State 26,USA
445,47,City 92,State 46,USA
446,77,City 106,State 11,USA
447,32,City 51,State 14,USA
448,33,City 68,State 33,USA
449,48,City 188,State 5,USA
450,54,City 66,State 7,USA
451,63,City 126,State 9,USA
452,47,City 45,State 11,USA
453,80,City 7,State 38,USA
454,71,City 81,State 16,USA
455,70,City 18,State 35,USA
456,60,City 160,State 1,USA
457,36,City 100,State 35,USA
458,37,City 30,State 32,USA
459,38,City 162,State 49,USA
460,55,City 125,State 48,USA
461,62,City 44,State 40,USA
462,29,City 139,State 36,USA
463,23,City 9,State 26,USA
464,68,City 146,State 9,USA
465,57,City 30,State 21,USA
466,19,City 182,State 18,USA
467,47,City 123,State 7,USA
468,23,City 1,State 10,USA
469,60,City 153,State 37,USA
470,50,City 50,State 45,USA
471,25,City 81,State 46,USA
472,77,City 193,State 7,USA
473,50,City 101,State 22,USA
474,78,City 158,State 50,USA
475,40,City 159,State 9,USA
476,36,City 200,State 28,USA
477,19,City 101,State 11,USA
478,45,City 91,State 13,USA
479,37,City 169,State 2,USA
480,59,City 181,State 35,USA
481,65,City 1,State 11,USA
482,22,City 6,State 2,USA
483,55,City 193,State 21,USA
484,70,City 197,State 20,USA
485,50,City 10,State 36,USA
486,26,City 52,State 34,USA
487,27,City 21,State 26,USA
488,38,City 148,State 31,USA
489,77,City 63,State 35,USA
490,65,City 123,State 35,USA
491,67,City 91,State 29,USA
492,27,City 99,State 10,USA
493,25,City 166,State 34,USA
494,34,City 32,State 33,USA
495,20,City 193,State 17,USA
496,79,City 96,State 41,USA
497,39,City 159,State 2,USA
498,67,City 30,State 23,USA
499,19,City 40,State 26,USA
500,76,City 14,State 8,USA
501,41,City 84,State 32,USA
502,60,City 194,State 4,USA
503,64,City 89,State 47,USA
504,38,City 147,State 36,USA
505,53,City 62,State 5,USA
506,76,City 1,State 4,USA
507,80,City 83,State 9,USA
508,58,City 37,State 26,USA
509,33,City 106,State 14,USA
510,44,City 84,State 7,USA
511,77,City 21,State 36,USA
512,48,City 76,State 48,USA
513,75,City 38,State 40,USA
514,20,City 33,State 17,USA
515,27,City 142,State 21,USA
516,31,City 186,State 13,USA
517,41,City 183,State 7,USA
518,78,City 39,State 46,USA
519,50,City 58,State 8,USA
520,64,City 178,State 21,USA
521,31,City 168,State 48,USA
522,48,City 51,State 21,USA
523,44,City 46,State 23,USA
524,77,City 124,State 46,USA
525,65,City 27,State 38,USA
526,26,City 88,State 35,USA
527,50,City 151,State 49,USA
528,25,City 69,State 28,USA
529,60,City 27,State 33,USA
530,23,City 57,State 15,USA
531,25,City 151,State 26,USA
532,58,City 42,State 4,USA
533,30,City 178,State 35,USA
534,61,City 132,State 49,USA
535,54,City 60,State 14,USA
536,71,City 10,State 24,USA
537,44,City 165,State 8,USA
538,19,City 83,State 12,USA
539,37,City 9,State 39,USA
540,67,City 144,State 45,USA
541,71,City 54,State 35,USA
542,64,City 129,State 45,USA
543,32,City 31,State 7,USA
544,59,City 127,State 30,USA
545,43,City 140,State 50,USA
546,79,City 143,State 30,USA
547,37,City 89,State 50,USA
548,21,City 143,State 12,USA
549,69,City 71,State 9,USA
550,27,City 94,State 49,USA
551,78,City 101,State 7,USA
552,22,City 39,State 43,USA
553,62,City 3,State 8,USA
554,40,City 152,State 13,USA
555,29,City 176,State 16,USA
556,64,City 111,State 27,USA
557,75,City 176,State 43,USA
558,54,City 46,State 28,USA
559,47,City 150,State 11,USA
560,67,City 122,State 5,USA
561,26,City 133,State 34,USA
562,70,City 64,State 38,USA
563,43,City 28,State 46,USA
564,63,City 183,State 45,USA
565,25,City 171,State 35,USA
566,60,City 193,State 41,USA
567,25,City 193,State 17,USA
568,22,City 9,State 35,USA
569,28,City 134,State 2,USA
570,68,City 155,State 34,USA
571,62,City 69,State 9,USA
572,63,City 117,State 21,USA
573,74,City 190,State 28,USA
574,48,City 167,State 19,USA
575,27,City 147,State 12,USA
576,53,City 183,State 3,USA
577,73,City 48,State 30,USA
578,29,City 37,State 23,USA
579,46,City 192,State 38,USA
580,70,City 69,State 18,USA
581,77,City 192,State 27,USA
582,49,City 47,State 1,USA
583,40,City 132,State 43,USA
584,28,City 61,State 32,USA
585,22,City 148,State 13,USA
586,67,City 199,State 20,USA
587,78,City 149,State 42,USA
588,69,City 149,State 19,USA
589,48,City 150,State 48,USA
590,24,City 199,State 34,USA
591,79,City 116,State 17,USA
592,49,City 114,State 32,USA
593,22,City 49,State 43,USA
594,71,City 83,State 8,USA
595,65,City 14,State 22,USA
596,64,City 153,State 13,USA
597,19,City 168,State 17,USA
598,38,City 95,State 10,USA
599,47,City 5,State 35,USA
600,34,City 32,State 47,USA
601,59,City 57,State 32,USA
602,33,City 44,State 22,USA
603,66,City 102,State 39,USA
604,36,City 145,State 48,USA
605,76,City 175,State 15,USA
606,36,City 124,State 45,USA
607,66,City 187,State 45,USA
608,64,City 109,State 9,USA
609,52,City 70,State 34,USA
610,26,City 155,State 6,USA
611,34,City 30,State 26,USA
612,29,City 52,State 37,USA
613,80,City 39,State 15,USA
614,22,City 107,State 48,USA
615,58,City 155,State 21,USA
616,75,City 41,State 34,USA
617,75,City 187,State 43,USA
618,65,City 178,State 7,USA
619,43,City 83,State 16,USA
620,41,City 198,State 48,USA
621,25,City 185,State 47,USA
622,53,City 77,State 9,USA
623,78,City 70,State 36,USA
624,43,City 32,State 10,USA
625,59,City 8,State 28,USA
626,49,City 27,State 43,USA
627,21,City 81,State 40,USA
628,71,City 24,State 22,USA
629,32,City 32,State 1,USA
630,28,City 91,State 12,USA
631,41,City 157,State 15,USA
632,65,City 121,State 49,USA
633,28,City 70,State 44,USA
634,53,City 16,State 31,USA
635,30,City 59,State 29,USA
636,65,City 190,State 7,USA
637,71,City 85,State 17,USA
638,53,City 95,State 32,USA
639,75,City 159,State 17,USA
640,27,City 89,State 45,USA
641,21,City 21,State 37,USA
642,79,City 80,State 13,USA
643,53,City 179,State 17,USA
644,50,City 162,State 43,USA
645,47,City 170,State 10,USA
646,52,City 15,State 6,USA
647,25,City 192,State 25,USA
648,61,City 57,State 50,USA
649,48,City 51,State 37,USA
650,56,City 51,State 48,USA
651,61,City 123,State 1,USA
652,66,City 76,State 44,USA
653,71,City 190,State 22,USA
654,36,City 4,State 13,USA
655,41,City 90,State 39,USA
656,39,City 155,State 6,USA
657,64,City 135,State 15,USA
658,41,City 147,State 14,USA
659,21,City 116,State 24,USA
660,42,City 197,State 28,USA
661,63,City 95,State 14,USA
662,48,City 115,State 24,USA
663,24,City 59,State 30,USA
664,44,City 57,State 13,USA
665,48,City 172,State 9,USA
666,62,City 173,State 45,USA
667,35,City 150,State 24,USA
668,74,City 168,State 37,USA
669,43,City 59,State 11,USA
670,40,City 171,State 4,USA
671,66,City 28,State 17,USA
672,34,City 182,State 1,USA
673,76,City 59,State 27,USA
674,64,City 51,State 22,USA
675,33,City 9,State 49,USA
676,56,City 182,State 43,USA
677,43,City 118,State 38,USA
678,39,City 34,State 1,USA
679,19,City 36,State 39,USA
680,72,City 98,State 41,USA
681,78,City 77,State 28,USA
682,67,City 7,State 25,USA
683,69,City 176,State 37,USA
684,22,City 106,State 37,USA
685,45,City 102,State 25,USA
686,63,City 169,State 40,USA
687,30,City 143,State 38,USA
688,66,City 91,State 2,USA
689,60,City 10,State 7,USA
690,57,City 165,State 47,USA
691,72,City 67,State 33,USA
692,24,City 104,State 32,USA
693,27,City 140,State 12,USA
694,59,City 170,State 10,USA
695,70,City 8,State 41,USA
696,73,City 139,State 33,USA
697,68,City 87,State 43,USA
698,70,City 185,State 40,USA
699,62,City 69,State 45,USA
700,32,City 142,State 1,USA
701,65,City 86,State 35,USA
702,58,City 66,State 31,USA
703,18,City 50,State 4,USA
704,67,City 69,State 21,USA
705,57,City 149,State 5,USA
706,20,City 173,State 32,USA
707,30,City 24,State 42,USA
708,35,City 15,State 44,USA
709,21,City 92,State 24,USA
710,46,City 139,State 44,USA
711,44,City 185,State 43,USA
712,33,City 95,State 17,USA
713,19,City 47,State 1,USA
714,48,City 89,State 22,USA
715,53,City 37,State 1,USA
716,72,City 165,State 13,USA
717,51,City 18,State 22,USA
718,49,City 100,State 36,USA
719,75,City 54,State 20,USA
720,31,City 109,State 34,USA
721,76,City 167,State 2,USA
722,66,City 123,State 35,USA
723,61,City 151,State 4,USA
724,48,City 196,State 33,USA
725,43,City 36,State 49,USA
726,30,City 38,State 12,USA
727,28,City 76,State 45,USA
728,47,City 124,State 11,USA
729,76,City 11,State 10,USA
730,68,City 169,State 25,USA
731,25,City 14,State 29,USA
732,38,City 161,State 42,USA
733,36,City 82,State 36,USA
734,39,City 18,State 35,USA
735,46,City 191,State 14,USA
736,29,City 163,State 30,USA
737,77,City 49,State 4,USA
738,25,City 157,State 47,USA
739,20,City 33,State 19,USA
740,47,City 19,State 26,USA
741,68,City 129,State 19,USA
742,73,City 29,State 43,USA
743,22,City 136,State 48,USA
744,42,City 104,State 7,USA
745,52,City 75,State 6,USA
746,42,City 98,State 34,USA
747,45,City 180,State 39,USA
748,69,City 140,State 23,USA
749,28,City 158,State 50,USA
750,27,City 11,State 14,USA
751,41,City 3,State 4,USA
752,48,City 66,State 36,USA
753,34,City 25,State 11,USA
754,30,City 160,State 28,USA
755,70,City 178,State 40,USA
756,31,City 134,State 39,USA
757,46,City 134,State 47,USA
758,80,City 134,State 26,USA
759,23,City 49,State 16,USA
760,53,City 32,State 7,USA
761,23,City 2,State 35,USA
762,48,City 125,State 18,USA
763,19,City 131,State 25,USA
764,24,City 107,State 30,USA
765,51,City 88,State 45,USA
766,45,City 97,State 43,USA
767,51,City 75,State 14,USA
768,62,City 163,State 22,USA
769,63,City 73,State 47,USA
770,65,City 174,State 21,USA
771,27,City 55,State 6,USA
772,47,City 68,State 15,USA
773,70,City 59,State 1,USA
774,20,City 49,State 36,USA
775,55,City 184,State 19,USA
776,78,City 29,State 3,USA
777,66,City 99,State 45,USA
778,46,City 105,State 40,USA
779,76,City 26,State 49,USA
780,29,City 126,State 40,USA
781,58,City 18,State 45,USA
782,63,City 94,State 34,USA
783,56,City 110,State 35,USA
784,44,City 194,State 46,USA
785,21,City 96,State 40,USA
786,28,City 7,State 6,USA
787,62,City 199,State 12,USA
788,44,City 139,State 2,USA
789,66,City 103,State 10,USA
790,42,City 78,State 5,USA
791,60,City 10,State 37,USA
792,42,City 117,State 49,USA
793,52,City 123,State 47,USA
794,35,City 93,State 37,USA
795,63,City 17,State 14,USA
796,37,City 156,State 41,USA
797,40,City 53,State 10,USA
798,19,City 61,State 5,USA
799,47,City 93,State 25,USA
800,58,City 26,State 22,USA
801,69,City 46,State 21,USA
802,80,City 66,State 12,USA
803,54,City 58,State 45,USA
804,39,City 37,State 24,USA
805,45,City 138,State 6,USA
806,18,City 3,State 49,USA
807,65,City 153,State 15,USA
808,44,City 83,State 11,USA
809,62,City 88,State 39,USA
810,60,City 137,State 33,USA
811,44,City 155,State 45,USA
812,46,City 98,State 17,USA
813,59,City 187,State 15,USA
814,75,City 87,State 12,USA
815,34,City 10,State 12,USA
816,49,City 37,State 44,USA
817,48,City 62,State 12,USA
818,26,City 156,State 29,USA
819,79,City 190,State 8,USA
820,34,City 62,State 25,USA
821,80,City 171,State 17,USA
822,72,City 70,State 25,USA
823,75,City 147,State 28,USA
824,45,City 183,State 24,USA
825,23,City 21,State 7,USA
826,76,City 88,State 38,USA
827,33,City 105,State 46,USA
828,47,City 4,State 49,USA
829,64,City 155,State 44,USA
830,80,City 164,State 23,USA
831,42,City 48,State 36,USA
832,58,City 27,State 15,USA
833,49,City 94,State 12,USA
834,47,City 26,State 41,USA
835,70,City 150,State 25,USA
836,67,City 108,State 48,USA
837,20,City 159,State 25,USA
838,51,City 23,State 38,USA
839,36,City 138,State 1,USA
840,44,City 174,State 4,USA
841,73,City 2,State 11,USA
842,25,City 119,State 44,USA
843,19,City 119,State 28,USA
844,45,City 157,State 23,USA
845,38,City 73,State 50,USA
846,40,City 27,State 39,USA
847,30,City 59,State 13,USA
848,28,City 3,State 15,USA
849,29,City 27,State 1,USA
850,71,City 55,State 2,USA
851,38,City 124,State 30,USA
852,58,City 123,State 21,USA
853,55,City 180,State 48,USA
854,30,City 127,State 22,USA
855,74,City 189,State 7,USA
856,26,City 97,State 16,USA
857,60,City 58,State 11,USA
858,68,City 11,State 19,USA
859,42,City 62,State 21,USA
860,67,City 157,State 24,USA
861,38,City 96,State 42,USA
862,22,City 42,State 7,USA
863,73,City 129,State 38,USA
864,42,City 160,State 40,USA
865,68,City 39,State 2,USA
866,73,City 153,State 4,USA
867,28,City 116,State 25,USA
868,27,City 53,State 24,USA
869,63,City 154,State 9,USA
870,27,City 55,State 19,USA
871,57,City 163,State 38,USA
872,52,City 132,State 18,USA
873,54,City 131,State 49,USA
874,60,City 115,State 15,USA
875,32,City 142,State 36,USA
876,79,City 106,State 2,USA
877,79,City 25,State 36,USA
878,55,City 75,State 15,USA
879,36,City 125,State 2,USA
880,27,City 48,State 24,USA
881,51,City 110,State 28,USA
882,52,City 74,State 32,USA
883,63,City 27,State 44,USA
884,55,City 28,State 36,USA
885,60,City 129,State 47,USA
886,32,City 86,State 35,USA
887,66,City 68,State 48,USA
888,67,City 49,State 11,USA
889,22,City 17,State 34,USA
890,39,City 142,State 17,USA
891,36,City 140,State 18,USA
892,59,City 15,State 10,USA
893,40,City 156,State 23,USA
894,56,City 162,State 30,USA
895,74,City 134,State 16,USA
896,33,City 76,State 21,USA
897,28,City 62,State 20,USA
898,77,City 67,State 45,USA
899,63,City 172,State 38,USA
900,76,City 16,State 43,USA
901,47,City 192,State 38,USA
902,43,City 17,State 9,USA
903,56,City 14,State 27,USA
904,55,City 71,State 9,USA
905,64,City 65,State 21,USA
906,72,City 40,State 50,USA
907,47,City 158,State 4,USA
908,21,City 111,State 16,USA
909,22,City 56,State 5,USA
910,20,City 54,State 32,USA
911,23,City 75,State 29,USA
912,37,City 52,State 2,USA
913,24,City 60,State 18,USA
914,46,City 65,State 10,USA
915,79,City 89,State 22,USA
916,63,City 100,State 14,USA
917,74,City 1,State 9,USA
918,64,City 128,State 18,USA
919,34,City 68,State 25,USA
920,32,City 181,State 43,USA
921,25,City 74,State 20,USA
922,41,City 34,State 17,USA
923,47,City 128,State 47,USA
924,66,City 188,State 21,USA
925,52,City 105,State 34,USA
926,80,City 32,State 15,USA
927,22,City 51,State 49,USA
928,71,City 114,State 47,USA
929,72,City 188,State 17,USA
930,39,City 15,State 6,USA
931,37,City 64,State 49,USA
932,48,City 85,State 50,USA
933,49,City 185,State 44,USA
934,60,City 86,State 33,USA
935,48,City 157,State 24,USA
936,40,City 34,State 26,USA
937,60,City 26,State 35,USA
938,32,City 42,State 45,USA
939,18,City 39,State 49,USA
940,56,City 159,State 10,USA
941,38,City 137,State 5,USA
942,35,City 157,State 35,USA
943,61,City 189,State 32,USA
944,30,City 22,State 9,USA
945,65,City 123,State 38,USA
946,57,City 101,State 26,USA
947,53,City 141,State 32,USA
948,75,City 182,State 23,USA
949,54,City 175,State 40,USA
950,69,City 128,State 8,USA
951,68,City 98,State 35,USA
952,32,City 45,State 43,USA
953,67,City 161,State 17,USA
954,46,City 196,State 44,USA
955,60,City 47,State 3,USA
956,70,City 19,State 41,USA
957,54,City 33,State 42,USA
958,32,City 41,State 19,USA
959,53,City 157,State 26,USA
960,71,City 38,State 29,USA
961,57,City 45,State 23,USA
962,19,City 69,State 4,USA
963,67,City 18,State 32,USA
964,55,City 165,State 15,USA
965,71,City 51,State 40,USA
966,79,City 109,State 8,USA
967,57,City 119,State 19,USA
968,67,City 140,State 2,USA
969,37,City 193,State 37,USA
970,70,City 58,State 25,USA
971,18,City 87,State 31,USA
972,78,City 100,State 40,USA
973,29,City 82,State 21,USA
974,40,City 100,State 43,USA
975,74,City 195,State 10,USA
976,37,City 132,State 10,USA
977,22,City 131,State 44,USA
978,60,City 93,State 12,USA
979,22,City 133,State 21,USA
980,25,City 68,State 31,USA
981,69,City 1,State 27,USA
982,70,City 2,State 35,USA
983,43,City 177,State 37,USA
984,35,City 189,State 12,USA
985,61,City 189,State 11,USA
986,60,City 133,State 11,USA
987,68,City 128,State 29,USA
988,42,City 27,State 50,USA
989,43,City 39,State 39,USA
990,56,City 8,State 6,USA
991,77,City 178,State 8,USA
992,56,City 61,State 16,USA
993,38,City 45,State 5,USA
994,39,City 55,State 23,USA
995,39,City 125,State 17,USA
996,28,City 120,State 38,USA
997,62,City 139,State 10,USA
998,59,City 195,State 42,USA
999,72,City 17,State 25,USA
1000,45,City 70,State 22,USA
1001,78,City 77,State 6,USA
1002,80,City 193,State 10,USA
1003,66,City 59,State 18,USA
1004,38,City 154,State 48,USA
1005,72,City 94,State 12,USA
1006,77,City 133,State 26,USA
1007,43,City 68,State 37,USA
1008,76,City 18,State 48,USA
1009,27,City 9,State 39,USA
1010,30,City 200,State 37,USA
1011,44,City 123,State 39,USA
1012,63,City 46,State 38,USA
1013,39,City 123,State 8,USA
1014,61,City 187,State 42,USA
1015,36,City 98,State 37,USA
1016,60,City 120,State 22,USA
1017,19,City 135,State 4,USA
1018,63,City 14,State 13,USA
1019,74,City 72,State 4,USA
1020,42,City 56,State 9,USA
1021,29,City 61,State 24,USA
1022,57,City 92,State 15,USA
1023,43,City 11,State 14,USA
1024,75,City 2,State 20,USA
1025,26,City 19,State 8,USA
1026,67,City 171,State 17,USA
1027,51,City 52,State 48,USA
1028,53,City 82,State 19,USA
1029,52,City 8,State 50,USA
1030,75,City 141,State 28,USA
1031,78,City 174,State 25,USA
1032,30,City 186,State 21,USA
1033,18,City 56,State 10,USA
1034,22,City 40,State 44,USA
1035,21,City 186,State 43,USA
1036,66,City 102,State 22,USA
1037,76,City 178,State 38,USA
1038,78,City 147,State 50,USA
1039,46,City 22,State 16,USA
1040,71,City 67,State 33,USA
1041,72,City 4,State 7,USA
1042,31,City 73,State 21,USA
1043,78,City 38,State 11,USA
1044,63,City 79,State 1,USA
1045,62,City 190,State 25,USA
1046,24,City 191,State 43,USA
1047,64,City 46,State 23,USA
1048,63,City 197,State 33,USA
1049,66,City 151,State 10,USA
1050,18,City 62,State 23,USA
1051,47,City 194,State 18,USA
1052,49,City 72,State 5,USA
1053,31,City 166,State 5,USA
1054,80,City 117,State 46,USA
1055,36,City 94,State 35,USA
1056,63,City 19,State 10,USA
1057,77,City 118,State 14,USA
1058,21,City 196,State 34,USA
1059,26,City 90,State 39,USA
1060,58,City 33,State 26,USA
1061,22,City 163,State 35,USA
1062,46,City 32,State 8,USA
1063,29,City 24,State 17,USA
1064,63,City 11,State 25,USA
1065,45,City 159,State 4,USA
1066,39,City 191,State 10,USA
1067,65,City 26,State 23,USA
1068,19,City 200,State 8,USA
1069,35,City 54,State 19,USA
1070,71,City 170,State 27,USA
1071,22,City 158,State 20,USA
1072,32,City 165,State 36,USA
1073,47,City 120,State 18,USA
1074,70,City 200,State 17,USA
1075,31,City 96,State 31,USA
1076,23,City 176,State 13,USA
1077,39,City 105,State 32,USA
1078,19,City 141,State 37,USA
1079,72,City 185,State 21,USA
1080,78,City 47,State 9,USA
1081,49,City 183,State 50,USA
1082,34,City 50,State 44,USA
1083,70,City 20,State 25,USA
1084,46,City 3,State 18,USA
1085,39,City 56,State 10,USA
1086,40,City 72,State 44,USA
1087,22,City 58,State 12,USA
1088,60,City 105,State 47,USA
1089,75,City 75,State 31,USA
1090,59,City 27,State 42,USA
1091,42,City 4,State 24,USA
1092,49,City 58,State 31,USA
1093,28,City 142,State 24,USA
1094,45,City 171,State 5,USA
1095,69,City 135,State 39,USA
1096,18,City 126,State 19,USA
1097,74,City 47,State 10,USA
1098,31,City 123,State 29,USA
1099,54,City 57,State 46,USA
1100,51,City 15,State 14,USA
1101,35,City 25,State 4,USA
1102,29,City 165,State 39,USA
1103,75,City 146,State 25,USA
1104,73,City 157,State 39,USA
1105,66,City 18,State 46,USA
1106,28,City 23,State 48,USA
1107,58,City 50,State 40,USA
1108,35,City 200,State 1,USA
1109,76,City 101,State 16,USA
1110,22,City 20,State 47,USA
1111,74,City 49,State 49,USA
1112,48,City 100,State 18,USA
1113,64,City 163,State 23,USA
1114,33,City 147,State 41,USA
1115,36,City 148,State 31,USA
1116,54,City 157,State 11,USA
1117,74,City 65,State 21,USA
1118,51,City 155,State 43,USA
1119,44,City 115,State 5,USA
1120,52,City 106,State 36,USA
1121,68,City 116,State 29,USA
1122,76,City 31,State 13,USA
1123,46,City 190,State 34,USA
1124,59,City 46,State 42,USA
1125,30,City 41,State 48,USA
1126,53,City 51,State 30,USA
1127,45,City 27,State 38,USA
1128,20,City 126,State 12,USA
1129,63,City 13,State 5,USA
1130,46,City 69,State 35,USA
1131,52,City 73,State 1,USA
1132,78,City 56,State 12,USA
1133,32,City 200,State 39,USA
1134,34,City 179,State 26,USA
1135,59,City 179,State 29,USA
1136,36,City 181,State 7,USA
1137,34,City 179,State 39,USA
1138,20,City 34,State 37,USA
1139,50,City 110,State 8,USA
1140,68,City 84,State 21,USA
1141,18,City 81,State 32,USA
1142,41,City 102,State 49,USA
1143,69,City 70,State 33,USA
1144,73,City 55,State 20,USA
1145,29,City 123,State 48,USA
1146,43,City 97,State 37,USA
1147,72,City 176,State 30,USA
1148,43,City 64,State 24,USA
1149,22,City 134,State 1,USA
1150,72,City 178,State 45,USA
1151,45,City 59,State 17,USA
1152,55,City 61,State 22,USA
1153,63,City 182,State 12,USA
1154,74,City 105,State 14,USA
1155,80,City 65,State 10,USA
1156,25,City 164,State 48,USA
1157,33,City 179,State 20,USA
1158,22,City 57,State 25,USA
1159,64,City 161,State 49,USA
1160,43,City 67,State 47,USA
1161,27,City 94,State 37,USA
1162,62,City 165,State 40,USA
1163,43,City 96,State 42,USA
1164,73,City 71,State 40,USA
1165,46,City 31,State 44,USA
1166,51,City 186,State 12,USA
1167,64,City 18,State 32,USA
1168,78,City 2,State 23,USA
1169,28,City 58,State 23,USA
1170,68,City 94,State 50,USA
1171,42,City 197,State 15,USA
1172,78,City 128,State 13,USA
1173,53,City 66,State 2,USA
1174,60,City 1,State 12,USA
1175,62,City 9,State 31,USA
1176,18,City 190,State 3,USA
1177,73,City 55,State 3,USA
1178,21,City 148,State 49,USA
1179,36,City 49,State 12,USA
1180,32,City 179,State 16,USA
1181,78,City 121,State 41,USA
1182,43,City 123,State 25,USA
1183,28,City 59,State 9,USA
1184,37,City 11,State 17,USA
1185,44,City 3,State 46,USA
1186,20,City 133,State 22,USA
1187,64,City 3,State 37,USA
1188,31,City 82,State 44,USA
1189,43,City 145,State 16,USA
1190,40,City 166,State 9,USA
1191,56,City 13,State 39,USA
1192,70,City 182,State 31,USA
1193,59,City 125,State 29,USA
1194,61,City 27,State 39,USA
1195,47,City 68,State 32,USA
1196,59,City 94,State 28,USA
1197,56,City 148,State 34,USA
1198,23,City 78,State 11,USA
1199,64,City 153,State 3,USA
1200,49,City 38,State 50,USA
1201,35,City 68,State 21,USA
1202,69,City 181,State 23,USA
1203,29,City 147,State 43,USA
1204,68,City 198,State 42,USA
1205,79,City 103,State 21,USA
1206,19,City 173,State 7,USA
1207,23,City 142,State 45,USA
1208,18,City 126,State 39,USA
1209,46,City 39,State 37,USA
1210,61,City 43,State 33,USA
1211,77,City 178,State 3,USA
1212,47,City 96,State 34,USA
1213,74,City 102,State 46,USA
1214,36,City 59,State 9,USA
1215,55,City 60,State 24,USA
1216,27,City 182,State 49,USA
1217,32,City 168,State 36,USA
1218,58,City 150,State 30,USA
1219,27,City 166,State 8,USA
1220,60,City 111,State 27,USA
1221,56,City 135,State 24,USA
1222,38,City 127,State 24,USA
1223,42,City 165,State 6,USA
1224,46,City 52,State 35,USA
1225,35,City 129,State 3,USA
1226,37,City 22,State 47,USA
1227,34,City 18,State 24,USA
1228,65,City 189,State 42,USA
1229,20,City 44,State 24,USA
1230,79,City 3,State 30,USA
1231,79,City 119,State 32,USA
1232,57,City 98,State 29,USA
1233,77,City 135,State 16,USA
1234,37,City 134,State 36,USA
1235,69,City 111,State 46,USA
1236,36,City 90,State 48,USA
1237,62,City 194,State 21,USA
1238,56,City 136,State 21,USA
1239,29,City 153,State 37,USA
1240,72,City 10,State 1,USA
1241,75,City 186,State 33,USA
1242,56,City 64,State 13,USA
1243,65,City 63,State 11,USA
1244,25,City 7,State 7,USA
1245,39,City 102,State 29,USA
1246,55,City 156,State 35,USA
1247,58,City 173,State 7,USA
1248,60,City 112,State 15,USA
1249,41,City 119,State 19,USA
1250,52,City 191,State 33,USA
1251,20,City 157,State 31,USA
1252,68,City 195,State 46,USA
1253,60,City 139,State 22,USA
1254,47,City 38,State 27,USA
1255,65,City 127,State 38,USA
1256,38,City 94,State 43,USA
1257,59,City 94,State 2,USA
1258,79,City 167,State 8,USA
1259,26,City 28,State 16,USA
1260,28,City 80,State 25,USA
1261,30,City 136,State 23,USA
1262,20,City 172,State 2,USA
1263,47,City 74,State 24,USA
1264,60,City 125,State 6,USA
1265,30,City 128,State 14,USA
1266,45,City 145,State 40,USA
1267,24,City 165,State 1,USA
1268,75,City 44,State 12,USA
1269,43,City 157,State 9,USA
1270,40,City 47,State 9,USA
1271,59,City 134,State 37,USA
1272,27,City 113,State 49,USA
1273,59,City 187,State 31,USA
1274,77,City 10,State 17,USA
1275,48,City 148,State 20,USA
1276,30,City 167,State 12,USA
1277,70,City 14,State 42,USA
1278,56,City 145,State 21,USA
1279,52,City 177,State 26,USA
1280,35,City 94,State 39,USA
1281,77,City 131,State 43,USA
1282,28,City 192,State 9,USA
1283,51,City 1,State 29,USA
1284,64,City 151,State 24,USA
1285,31,City 149,State 45,USA
1286,66,City 82,State 40,USA
1287,56,City 150,State 21,USA
1288,78,City 81,State 46,USA
1289,37,City 164,State 34,USA
1290,71,City 180,State 25,USA
1291,25,City 181,State 25,USA
1292,49,City 75,State 41,USA
1293,51,City 40,State 11,USA
1294,71,City 154,State 36,USA
1295,69,City 159,State 28,USA
1296,26,City 35,State 27,USA
1297,72,City 166,State 49,USA
1298,43,City 127,State 12,USA
1299,47,City 130,State 38,USA
1300,48,City 85,State 27,USA
1301,77,City 125,State 8,USA
1302,45,City 95,State 42,USA
1303,66,City 68,State 12,USA
1304,75,City 113,State 9,USA
1305,75,City 150,State 25,USA
1306,18,City 9,State 25,USA
1307,36,City 84,State 29,USA
1308,31,City 150,State 31,USA
1309,47,City 9,State 20,USA
1310,42,City 139,State 26,USA
1311,20,City 106,State 21,USA
1312,75,City 144,State 18,USA
1313,24,City 64,State 1,USA
1314,79,City 92,State 19,USA
1315,32,City 121,State 11,USA
1316,20,City 92,State 32,USA
1317,28,City 101,State 11,USA
1318,55,City 132,State 40,USA
1319,40,City 191,State 12,USA
1320,46,City 97,State 19,USA
1321,46,City 5,State 45,USA
1322,64,City 151,State 25,USA
1323,53,City 118,State 39,USA
1324,28,City 167,State 16,USA
1325,67,City 34,State 16,USA
1326,79,City 96,State 3,USA
1327,45,City 83,State 49,USA
1328,19,City 103,State 10,USA
1329,53,City 147,State 4,USA
1330,25,City 50,State 3,USA
1331,47,City 25,State 41,USA
1332,55,City 102,State 38,USA
1333,75,City 142,State 43,USA
1334,69,City 168,State 6,USA
1335,27,City 113,State 25,USA
1336,39,City 21,State 2,USA
1337,43,City 181,State 21,USA
1338,31,City 29,State 14,USA
1339,21,City 46,State 20,USA
1340,56,City 175,State 11,USA
1341,80,City 139,State 8,USA
1342,32,City 126,State 46,USA
1343,35,City 131,State 27,USA
1344,39,City 151,State 25,USA
1345,48,City 153,State 29,USA
1346,40,City 184,State 36,USA
1347,54,City 91,State 48,USA
1348,21,City 75,State 41,USA
1349,71,City 19,State 28,USA
1350,72,City 40,State 15,USA
1351,56,City 156,State 32,USA
1352,28,City 122,State 18,USA
1353,26,City 59,State 44,USA
1354,57,City 83,State 2,USA
1355,48,City 48,State 13,USA
1356,20,City 102,State 27,USA
1357,70,City 68,State 47,USA
1358,37,City 61,State 38,USA
1359,77,City 52,State 15,USA
1360,26,City 56,State 44,USA
1361,60,City 191,State 10,USA
1362,31,City 75,State 34,USA
1363,70,City 185,State 24,USA
1364,64,City 166,State 22,USA
1365,53,City 150,State 13,USA
1366,50,City 39,State 18,USA
1367,34,City 96,State 43,USA
1368,25,City 39,State 11,USA
1369,24,City 34,State 22,USA
1370,56,City 199,State 18,USA
1371,72,City 56,State 43,USA
1372,21,City 88,State 49,USA
1373,27,City 36,State 34,USA
1374,66,City 56,State 50,USA
1375,23,City 116,State 17,USA
1376,64,City 153,State 44,USA
1377,61,City 87,State 29,USA
1378,54,City 169,State 5,USA
1379,70,City 52,State 2,USA
1380,44,City 100,State 39,USA
1381,57,City 71,State 31,USA
1382,80,City 126,State 27,USA
1383,38,City 134,State 35,USA
1384,64,City 79,State 1,USA
1385,66,City 99,State 21,USA
1386,49,City 91,State 36,USA
1387,50,City 198,State 28,USA
1388,18,City 62,State 45,USA
1389,32,City 69,State 44,USA
1390,79,City 151,State 20,USA
1391,74,City 144,State 34,USA
1392,48,City 11,State 31,USA
1393,52,City 54,State 26,USA
1394,67,City 192,State 49,USA
1395,21,City 172,State 39,USA
1396,46,City 122,State 3,USA
1397,77,City 48,State 4,USA
1398,46,City 65,State 25,USA
1399,71,City 27,State 17,USA
1400,31,City 87,State 3,USA
1401,27,City 78,State 46,USA
1402,22,City 12,State 24,USA
1403,73,City 200,State 28,USA
1404,80,City 157,State 19,USA
1405,29,City 162,State 12,USA
1406,54,City 128,State 23,USA
1407,50,City 134,State 19,USA
1408,25,City 6,State 47,USA
1409,34,City 187,State 43,USA
1410,56,City 52,State 5,USA
1411,20,City 146,State 26,USA
1412,33,City 100,State 1,USA
1413,29,City 119,State 34,USA
1414,23,City 137,State 33,USA
1415,64,City 156,State 6,USA
1416,69,City 116,State 1,USA
1417,36,City 170,State 29,USA
1418,37,City 160,State 37,USA
1419,31,City 73,State 9,USA
1420,50,City 74,State 20,USA
1421,36,City 65,State 12,USA
1422,45,City 123,State 4,USA
1423,20,City 34,State 47,USA
1424,77,City 120,State 25,USA
1425,70,City 137,State 42,USA
1426,23,City 89,State 23,USA
1427,74,City 18,State 23,USA
1428,21,City 117,State 4,USA
1429,62,City 57,State 3,USA
1430,29,City 82,State 18,USA
1431,34,City 54,State 50,USA
1432,31,City 33,State 16,USA
1433,41,City 145,State 3,USA
1434,41,City 189,State 6,USA
1435,55,City 123,State 6,USA
1436,37,City 11,State 41,USA
1437,77,City 90,State 21,USA
1438,53,City 49,State 1,USA
1439,66,City 98,State 32,USA
1440,47,City 52,State 13,USA
1441,42,City 194,State 37,USA
1442,47,City 124,State 19,USA
1443,24,City 13,State 1,USA
1444,23,City 151,State 27,USA
1445,57,City 28,State 30,USA
1446,44,City 135,State 22,USA
1447,64,City 13,State 15,USA
1448,37,City 90,State 15,USA
1449,58,City 83,State 35,USA
1450,42,City 137,State 26,USA
1451,61,City 103,State 42,USA
1452,47,City 62,State 21,USA
1453,43,City 39,State 36,USA
1454,59,City 46,State 7,USA
1455,22,City 152,State 34,USA
1456,52,City 81,State 34,USA
1457,67,City 53,State 5,USA
1458,63,City 54,State 46,USA
1459,75,City 87,State 32,USA
1460,66,City 54,State 34,USA
1461,58,City 78,State 10,USA
1462,54,City 18,State 28,USA
1463,18,City 194,State 25,USA
1464,59,City 140,State 24,USA
1465,67,City 5,State 1,USA
1466,78,City 58,State 9,USA
1467,76,City 74,State 5,USA
1468,73,City 114,State 18,USA
1469,34,City 8,State 20,USA
1470,29,City 78,State 7,USA
1471,66,City 193,State 47,USA
1472,39,City 61,State 11,USA
1473,44,City 137,State 48,USA
1474,77,City 21,State 11,USA
1475,65,City 149,State 5,USA
1476,66,City 158,State 44,USA
1477,61,City 69,State 34,USA
1478,52,City 183,State 12,USA
1479,22,City 174,State 2,USA
1480,42,City 57,State 14,USA
1481,63,City 63,State 4,USA
1482,18,City 157,State 22,USA
1483,33,City 16,State 16,USA
1484,27,City 10,State 1,USA
1485,32,City 177,State 12,USA
1486,78,City 181,State 32,USA
1487,27,City 15,State 24,USA
1488,38,City 107,State 32,USA
1489,74,City 147,State 41,USA
1490,72,City 8,State 35,USA
1491,77,City 48,State 11,USA
1492,69,City 100,State 21,USA
1493,46,City 73,State 43,USA
1494,70,City 99,State 45,USA
1495,37,City 128,State 12,USA
1496,73,City 53,State 37,USA
1497,46,City 137,State 4,USA
1498,51,City 178,State 35,USA
1499,70,City 110,State 8,USA
1500,41,City 184,State 25,USA
1501,23,City 8,State 48,USA
1502,56,City 22,State 50,USA
1503,62,City 16,State 35,USA
1504,30,City 199,State 3,USA
1505,50,City 24,State 15,USA
1506,36,City 19,State 4,USA
1507,36,City 133,State 3,USA
1508,18,City 142,State 8,USA
1509,41,City 59,State 42,USA
1510,53,City 95,State 16,USA
1511,34,City 154,State 33,USA
1512,72,City 124,State 27,USA
1513,43,City 45,State 48,USA
1514,26,City 158,State 35,USA
1515,79,City 186,State 25,USA
1516,18,City 90,State 19,USA
1517,48,City 198,State 16,USA
1518,71,City 47,State 41,USA
1519,22,City 31,State 19,USA
1520,38,City 150,State 49,USA
1521,41,City 187,State 43,USA
1522,59,City 177,State 43,USA
1523,44,City 141,State 27,USA
1524,29,City 79,State 18,USA
1525,47,City 155,State 43,USA
1526,80,City 3,State 13,USA
1527,45,City 177,State 34,USA
1528,71,City 21,State 49,USA
1529,46,City 91,State 35,USA
1530,76,City 141,State 6,USA
1531,39,City 146,State 50,USA
1532,31,City 7,State 17,USA
1533,38,City 100,State 15,USA
1534,20,City 165,State 13,USA
1535,42,City 81,State 26,USA
1536,46,City 135,State 43,USA
1537,73,City 150,State 6,USA
1538,49,City 102,State 5,USA
1539,34,City 165,State 39,USA
1540,32,City 90,State 36,USA
1541,55,City 163,State 33,USA
1542,22,City 56,State 31,USA
1543,39,City 109,State 8,USA
1544,78,City 171,State 34,USA
1545,18,City 126,State 26,USA
1546,66,City 182,State 40,USA
1547,37,City 156,State 38,USA
1548,73,City 22,State 12,USA
1549,20,City 148,State 8,USA
1550,67,City 28,State 13,USA
1551,25,City 168,State 8,USA
1552,34,City 111,State 28,USA
1553,68,City 104,State 24,USA
1554,47,City 46,State 44,USA
1555,36,City 13,State 36,USA
1556,22,City 101,State 15,USA
1557,34,City 82,State 23,USA
1558,68,City 114,State 45,USA
1559,30,City 70,State 5,USA
1560,28,City 21,State 36,USA
1561,44,City 156,State 6,USA
1562,23,City 95,State 42,USA
1563,51,City 8,State 20,USA
1564,64,City 3,State 45,USA
1565,20,City 165,State 46,USA
1566,80,City 113,State 19,USA
1567,78,City 83,State 34,USA
1568,70,City 110,State 31,USA
1569,74,City 189,State 19,USA
1570,68,City 76,State 38,USA
1571,37,City 138,State 16,USA
1572,46,City 126,State 28,USA
1573,40,City 31,State 34,USA
1574,21,City 50,State 3,USA
1575,59,City 4,State 14,USA
1576,62,City 118,State 49,USA
1577,63,City 72,State 20,USA
1578,68,City 199,State 7,USA
1579,61,City 115,State 31,USA
1580,20,City 100,State 6,USA
1581,44,City 143,State 33,USA
1582,38,City 197,State 44,USA
1583,26,City 192,State 1,USA
1584,32,City 143,State 18,USA
1585,63,City 20,State 13,USA
1586,24,City 165,State 14,USA
1587,28,City 147,State 40,USA
1588,26,City 15,State 30,USA
1589,57,City 16,State 36,USA
1590,18,City 172,State 13,USA
1591,23,City 27,State 9,USA
1592,65,City 67,State 9,USA
1593,70,City 47,State 19,USA
1594,32,City 6,State 48,USA
1595,52,City 181,State 26,USA
1596,76,City 144,State 17,USA
1597,45,City 112,State 8,USA
1598,60,City 154,State 14,USA
1599,33,City 170,State 3,USA
1600,66,City 149,State 35,USA
1601,77,City 3,State 35,USA
1602,68,City 83,State 46,USA
1603,62,City 120,State 33,USA
1604,59,City 171,State 38,USA
1605,25,City 157,State 35,USA
1606,56,City 182,State 33,USA
1607,77,City 170,State 30,USA
1608,53,City 80,State 4,USA
1609,52,City 2,State 10,USA
1610,62,City 42,State 11,USA
1611,54,City 71,State 44,USA
1612,20,City 74,State 14,USA
1613,60,City 141,State 16,USA
1614,37,City 4,State 2,USA
1615,47,City 20,State 36,USA
1616,54,City 132,State 14,USA
1617,26,City 111,State 8,USA
1618,68,City 40,State 21,USA
1619,73,City 124,State 50,USA
1620,33,City 4,State 36,USA
1621,21,City 81,State 9,USA
1622,49,City 185,State 25,USA
1623,69,City 78,State 13,USA
1624,48,City 131,State 34,USA
1625,35,City 181,State 48,USA
1626,31,City 170,State 12,USA
1627,68,City 185,State 38,USA
1628,52,City 168,State 30,USA
1629,43,City 121,State 25,USA
1630,58,City 198,State 44,USA
1631,57,City 35,State 22,USA
1632,60,City 142,State 28,USA
1633,42,City 30,State 26,USA
1634,58,City 4,State 41,USA
1635,72,City 118,State 6,USA
1636,59,City 147,State 31,USA
1637,52,City 52,State 14,USA
1638,25,City 100,State 39,USA
1639,32,City 121,State 46,USA
1640,21,City 15,State 26,USA
1641,24,City 121,State 9,USA
1642,44,City 190,State 30,USA
1643,73,City 171,State 16,USA
1644,50,City 116,State 13,USA
1645,21,City 172,State 1,USA
1646,22,City 101,State 21,USA
1647,44,City 54,State 22,USA
1648,60,City 184,State 6,USA
1649,59,City 68,State 38,USA
1650,52,City 81,State 26,USA
1651,76,City 39,State 10,USA
1652,46,City 106,State 18,USA
1653,77,City 48,State 13,USA
1654,27,City 123,State 41,USA
1655,54,City 55,State 23,USA
1656,76,City 29,State 32,USA
1657,68,City 118,State 25,USA
1658,60,City 152,State 13,USA
1659,62,City 194,State 7,USA
1660,44,City 160,State 23,USA
1661,61,City 118,State 7,USA
1662,53,City 112,State 42,USA
1663,66,City 82,State 21,USA
1664,79,City 34,State 16,USA
1665,49,City 198,State 46,USA
1666,40,City 73,State 33,USA
1667,25,City 141,State 4,USA
1668,72,City 145,State 35,USA
1669,43,City 38,State 15,USA
1670,24,City 45,State 48,USA
1671,29,City 58,State 6,USA
1672,29,City 110,State 11,USA
1673,48,City 179,State 43,USA
1674,42,City 174,State 44,USA
1675,34,City 197,State 1,USA
1676,77,City 191,State 32,USA
1677,31,City 163,State 48,USA
1678,58,City 69,State 50,USA
1679,67,City 97,State 4,USA
1680,36,City 28,State 38,USA
1681,63,City 103,State 16,USA
1682,35,City 45,State 8,USA
1683,18,City 106,State 27,USA
1684,25,City 76,State 7,USA
1685,68,City 105,State 37,USA
1686,22,City 11,State 6,USA
1687,49,City 192,State 26,USA
1688,64,City 193,State 43,USA
1689,77,City 124,State 4,USA
1690,26,City 155,State 26,USA
1691,42,City 77,State 23,USA
1692,58,City 167,State 14,USA
1693,79,City 193,State 6,USA
1694,79,City 135,State 45,USA
1695,53,City 141,State 25,USA
1696,34,City 79,State 13,USA
1697,21,City 120,State 25,USA
1698,35,City 44,State 33,USA
1699,61,City 144,State 21,USA
1700,31,City 96,State 28,USA
1701,70,City 176,State 39,USA
1702,43,City 151,State 49,USA
1703,25,City 184,State 12,USA
1704,25,City 173,State 30,USA
1705,25,City 139,State 29,USA
1706,24,City 11,State 48,USA
1707,78,City 18,State 19,USA
1708,74,City 23,State 5,USA
1709,44,City 171,State 17,USA
1710,39,City 147,State 15,USA
1711,27,City 29,State 3,USA
1712,53,City 79,State 9,USA
1713,43,City 194,State 16,USA
1714,23,City 18,State 16,USA
1715,66,City 134,State 50,USA
1716,43,City 41,State 19,USA
1717,38,City 62,State 5,USA
1718,75,City 60,State 45,USA
1719,64,City 27,State 30,USA
1720,48,City 46,State 11,USA
1721,55,City 36,State 15,USA
1722,31,City 193,State 28,USA
1723,49,City 156,State 43,USA
1724,69,City 20,State 15,USA
1725,74,City 172,State 25,USA
1726,59,City 12,State 46,USA
1727,66,City 94,State 4,USA
1728,48,City 100,State 25,USA
1729,72,City 107,State 12,USA
1730,68,City 73,State 9,USA
1731,57,City 174,State 18,USA
1732,23,City 162,State 32,USA
1733,41,City 90,State 7,USA
1734,49,City 169,State 10,USA
1735,67,City 57,State 25,USA
1736,28,City 65,State 38,USA
1737,43,City 176,State 21,USA
1738,60,City 68,State 20,USA
1739,80,City 114,State 42,USA
1740,30,City 41,State 1,USA
1741,62,City 52,State 10,USA
1742,23,City 34,State 7,USA
1743,27,City 93,State 10,USA
1744,19,City 102,State 38,USA
1745,57,City 139,State 31,USA
1746,21,City 193,State 46,USA
1747,49,City 65,State 18,USA
1748,46,City 132,State 47,USA
1749,69,City 117,State 40,USA
1750,50,City 194,State 12,USA
1751,40,City 87,State 38,USA
1752,23,City 101,State 43,USA
1753,50,City 150,State 24,USA
1754,45,City 4,State 8,USA
1755,23,City 109,State 28,USA
1756,27,City 10,State 39,USA
1757,31,City 131,State 41,USA
1758,77,City 48,State 48,USA
1759,30,City 59,State 30,USA
1760,60,City 154,State 37,USA
1761,58,City 109,State 6,USA
1762,44,City 28,State 34,USA
1763,64,City 104,State 35,USA
1764,52,City 59,State 34,USA
1765,35,City 184,State 42,USA
1766,21,City 63,State 49,USA
1767,72,City 124,State 18,USA
1768,20,City 173,State 18,USA
1769,37,City 144,State 31,USA
1770,52,City 51,State 24,USA
1771,30,City 185,State 22,USA
1772,40,City 33,State 9,USA
1773,53,City 55,State 30,USA
1774,37,City 113,State 37,USA
1775,24,City 41,State 40,USA
1776,42,City 29,State 11,USA
1777,77,City 80,State 43,USA
1778,67,City 198,State 40,USA
1779,22,City 138,State 6,USA
1780,77,City 199,State 13,USA
1781,73,City 123,State 49,USA
1782,79,City 188,State 37,USA
1783,33,City 183,State 17,USA
1784,58,City 122,State 20,USA
1785,46,City 70,State 43,USA
1786,28,City 54,State 9,USA
1787,76,City 37,State 43,USA
1788,30,City 39,State 8,USA
1789,57,City 183,State 33,USA
1790,20,City 17,State 18,USA
1791,56,City 180,State 42,USA
1792,61,City 67,State 7,USA
1793,51,City 9,State 38,USA
1794,80,City 156,State 33,USA
1795,79,City 193,State 34,USA
1796,71,City 19,State 19,USA
1797,37,City 24,State 34,USA
1798,67,City 79,State 20,USA
1799,37,City 199,State 24,USA
1800,64,City 166,State 36,USA
1801,66,City 200,State 50,USA
1802,35,City 52,State 9,USA
1803,21,City 48,State 18,USA
1804,34,City 57,State 6,USA
1805,38,City 173,State 23,USA
1806,40,City 33,State 39,USA
1807,55,City 105,State 44,USA
1808,33,City 187,State 10,USA
1809,26,City 17,State 47,USA
1810,61,City 27,State 16,USA
1811,30,City 4,State 18,USA
1812,19,City 91,State 36,USA
1813,54,City 45,State 6,USA
1814,36,City 185,State 4,USA
1815,18,City 73,State 46,USA
1816,64,City 23,State 14,USA
1817,44,City 173,State 24,USA
1818,57,City 108,State 10,USA
1819,32,City 14,State 13,USA
1820,45,City 103,State 26,USA
1821,80,City 135,State 13,USA
1822,50,City 198,State 16,USA
1823,40,City 71,State 33,USA
1824,78,City 154,State 14,USA
1825,77,City 74,State 33,USA
1826,62,City 198,State 8,USA
1827,54,City 74,State 5,USA
1828,31,City 119,State 27,USA
1829,65,City 135,State 18,USA
1830,77,City 133,State 49,USA
1831,50,City 176,State 23,USA
1832,72,City 89,State 44,USA
1833,29,City 71,State 48,USA
1834,76,City 200,State 37,USA
1835,41,City 25,State 5,USA
1836,72,City 59,State 38,USA
1837,31,City 70,State 15,USA
1838,39,City 187,State 34,USA
1839,46,City 39,State 46,USA
1840,69,City 124,State 42,USA
1841,32,City 164,State 41,USA
1842,68,City 86,State 6,USA
1843,79,City 31,State 14,USA
1844,39,City 5,State 36,USA
1845,79,City 71,State 25,USA
1846,29,City 170,State 9,USA
1847,20,City 39,State 27,USA
1848,18,City 1,State 7,USA
1849,54,City 7,State 13,USA
1850,21,City 197,State 38,USA
1851,42,City 136,State 40,USA
1852,63,City 52,State 40,USA
1853,50,City 141,State 18,USA
1854,30,City 85,State 3,USA
1855,64,City 97,State 33,USA
1856,66,City 80,State 1,USA
1857,51,City 132,State 7,USA
1858,75,City 74,State 29,USA
1859,20,City 123,State 17,USA
1860,80,City 28,State 44,USA
1861,72,City 101,State 12,USA
1862,71,City 42,State 35,USA
1863,31,City 52,State 16,USA
1864,72,City 37,State 13,USA
1865,25,City 92,State 23,USA
1866,62,City 28,State 50,USA
1867,68,City 89,State 4,USA
1868,45,City 92,State 13,USA
1869,66,City 12,State 1,USA
1870,76,City 21,State 28,USA
1871,45,City 39,State 50,USA
1872,50,City 187,State 11,USA
1873,48,City 91,State 9,USA
1874,42,City 77,State 27,USA
1875,26,City 177,State 2,USA
1876,34,City 187,State 11,USA
1877,58,City 9,State 6,USA
1878,34,City 117,State 4,USA
1879,32,City 125,State 42,USA
1880,20,City 49,State 3,USA
1881,67,City 179,State 42,USA
1882,35,City 14,State 41,USA
1883,66,City 119,State 50,USA
1884,43,City 94,State 24,USA
1885,53,City 29,State 23,USA
1886,26,City 89,State 34,USA
1887,73,City 141,State 18,USA
1888,29,City 168,State 18,USA
1889,60,City 34,State 15,USA
1890,22,City 153,State 35,USA
1891,54,City 185,State 27,USA
1892,41,City 129,State 34,USA
1893,23,City 189,State 31,USA
1894,51,City 39,State 49,USA
1895,61,City 26,State 7,USA
1896,27,City 91,State 32,USA
1897,37,City 126,State 15,USA
1898,66,City 3,State 22,USA
1899,76,City 110,State 4,USA
1900,75,City 33,State 39,USA
1901,48,City 116,State 41,USA
1902,38,City 18,State 29,USA
1903,63,City 73,State 2,USA
1904,76,City 16,State 35,USA
1905,26,City 189,State 47,USA
1906,80,City 136,State 23,USA
1907,33,City 107,State 39,USA
1908,54,City 7,State 31,USA
1909,38,City 88,State 48,USA
1910,23,City 127,State 49,USA
1911,40,City 189,State 18,USA
1912,21,City 30,State 17,USA
1913,57,City 137,State 4,USA
1914,69,City 77,State 37,USA
1915,24,City 88,State 14,USA
1916,66,City 136,State 46,USA
1917,79,City 200,State 44,USA
1918,23,City 158,State 48,USA
1919,74,City 44,State 11,USA
1920,58,City 195,State 36,USA
1921,43,City 149,State 46,USA
1922,74,City 165,State 43,USA
1923,58,City 59,State 19,USA
1924,37,City 138,State 9,USA
1925,26,City 59,State 13,USA
1926,74,City 129,State 31,USA
1927,74,City 118,State 24,USA
1928,72,City 135,State 1,USA
1929,23,City 122,State 37,USA
1930,41,City 138,State 41,USA
1931,24,City 159,State 23,USA
1932,61,City 116,State 27,USA
1933,73,City 12,State 17,USA
1934,69,City 48,State 14,USA
1935,74,City 185,State 19,USA
1936,26,City 192,State 10,USA
1937,24,City 81,State 10,USA
1938,37,City 17,State 44,USA
1939,45,City 186,State 21,USA
1940,32,City 199,State 31,USA
1941,19,City 118,State 15,USA
1942,79,City 22,State 41,USA
1943,75,City 178,State 37,USA
1944,22,City 59,State 24,USA
1945,55,City 9,State 41,USA
1946,30,City 147,State 42,USA
1947,62,City 144,State 4,USA
1948,69,City 158,State 10,USA
1949,80,City 154,State 47,USA
1950,57,City 9,State 4,USA
1951,36,City 57,State 15,USA
1952,65,City 53,State 31,USA
1953,38,City 182,State 3,USA
1954,59,City 69,State 21,USA
1955,61,City 158,State 23,USA
1956,71,City 88,State 13,USA
1957,48,City 61,State 16,USA
1958,20,City 20,State 26,USA
1959,66,City 66,State 2,USA
1960,72,City 68,State 1,USA
1961,77,City 185,State 30,USA
1962,50,City 182,State 44,USA
1963,66,City 140,State 25,USA
1964,54,City 61,State 49,USA
1965,57,City 165,State 41,USA
1966,37,City 166,State 2,USA
1967,68,City 71,State 22,USA
1968,59,City 92,State 47,USA
1969,54,City 194,State 39,USA
1970,26,City 169,State 44,USA
1971,19,City 99,State 46,USA
1972,25,City 165,State 1,USA
1973,77,City 127,State 4,USA
1974,54,City 117,State 28,USA
1975,50,City 105,State 15,USA
1976,39,City 32,State 41,USA
1977,63,City 19,State 17,USA
1978,78,City 145,State 10,USA
1979,18,City 130,State 36,USA
1980,33,City 115,State 49,USA
1981,75,City 196,State 3,USA
1982,74,City 54,State 39,USA
1983,65,City 194,State 5,USA
1984,49,City 115,State 21,USA
1985,76,City 25,State 41,USA
1986,62,City 39,State 34,USA
1987,73,City 27,State 3,USA
1988,55,City 111,State 32,USA
1989,78,City 38,State 40,USA
1990,72,City 44,State 39,USA
1991,26,City 31,State 43,USA
1992,50,City 192,State 24,USA
1993,28,City 110,State 22,USA
1994,61,City 188,State 6,USA
1995,59,City 139,State 28,USA
1996,56,City 48,State 1,USA
1997,44,City 142,State 43,USA
1998,42,City 89,State 27,USA
1999,56,City 27,State 19,USA
2000,29,City 35,State 3,USA
